name,datetime,temp,feelslike,dew,humidity,precip,precipprob,preciptype,snow,snowdepth,windgust,windspeed,winddir,sealevelpressure,cloudcover,visibility,solarradiation,solarenergy,uvindex,severerisk,conditions,icon,stations
"Goczałkowice-Zdrój, Woj. Śląskie, Polska",2025-10-26T00:00:00,7.5,4.5,4.3,80.1,0,0,,0,0,34.9,17.7,213,1001.6,42.7,10,0,0,0,10,Partially cloudy,partly-cloudy-night,"EPKT,LKMT,EPKK,F8705"
"Goczałkowice-Zdrój, Woj. Śląskie, Polska",2025-10-26T01:00:00,7.5,4.4,4.2,79.59,0,0,,0,0,34.2,18.6,216,1001.3,52.1,10,0,0,0,10,Partially cloudy,partly-cloudy-night,"EPKT,LKMT,EPKK,F8705"
"Goczałkowice-Zdrój, Woj. Śląskie, Polska",2025-10-26T02:00:00,6.6,3.1,4.6,87.34,0.1,100,rain,0,0,25.2,19.8,231,1001.3,57.1,10,0,0,0,10,"Rain, Partially cloudy",rain,"EPKT,LKMT,EPKK,F8705"
"Goczałkowice-Zdrój, Woj. Śląskie, Polska",2025-10-26T02:00:00,7.3,4.8,4.9,85.31,0,0,rain,0,0,31.3,13.2,216,1001.3,77.4,10,0,0,0,10,Partially cloudy,partly-cloudy-night,"EPKT,LKMT,EPKK,F8705"
"Goczałkowice-Zdrój, Woj. Śląskie, Polska",2025-10-26T03:00:00,7.6,5.5,4.9,83.3,0,0,rain,0,0,26.3,11.7,229,1000.9,95.8,10,0,0,0,10,Overcast,cloudy,"EPKT,LKMT,EPKK,F8705"
"Goczałkowice-Zdrój, Woj. Śląskie, Polska",2025-10-26T04:00:00,8.2,5.5,5.3,81.77,0.1,100,rain,0,0,29.2,16.9,220,1001.3,91.4,10,0,0,0,10,"Rain, Overcast",rain,"EPKT,LKMT,EPKK,F8705"
"Goczałkowice-Zdrój, Woj. Śląskie, Polska",2025-10-26T05:00:00,7.6,5,5.7,87.7,0.2,100,rain,0,0,29.2,14.3,241,1001.9,91.4,10,0,0,0,10,"Rain, Overcast",rain,"EPKT,LKMT,EPKK,F8705"
"Goczałkowice-Zdrój, Woj. Śląskie, Polska",2025-10-26T06:00:00,8,5.5,5.7,85.52,0.1,100,rain,0,0,27.4,14.3,209,1001.9,91.4,10,0,0,0,10,"Rain, Overcast",rain,"EPKT,LKMT,EPKK,F8705"
"Goczałkowice-Zdrój, Woj. Śląskie, Polska",2025-10-26T07:00:00,8,5.5,6,87.19,0.2,100,rain,0,0,25.9,14.1,220,1001.9,70.3,10,2,0,0,10,"Rain, Partially cloudy",rain,"EPKT,LKMT,EPKK,F8705"
"Goczałkowice-Zdrój, Woj. Śląskie, Polska",2025-10-26T08:00:00,8.2,5.7,6.3,87.63,0.1,100,rain,0,0,23.4,15.2,227,1002.6,77.4,9,21,0.1,0,10,"Rain, Partially cloudy",rain,"EPKT,LKMT,EPKK,F8705"
"Goczałkowice-Zdrój, Woj. Śląskie, Polska",2025-10-26T09:00:00,9.2,7.2,7,86.06,0,0,rain,0,0,21.6,13.5,220,1002.3,88,10,66,0.2,1,10,Partially cloudy,partly-cloudy-day,"EPKT,LKMT,EPKK,F8705"
"Goczałkowice-Zdrój, Woj. Śląskie, Polska",2025-10-26T10:00:00,10.2,10.2,6.3,76.59,0,0,,0,0,23.4,19.9,223,1001.9,70.3,10,80,0.3,1,10,Partially cloudy,partly-cloudy-day,"EPKT,LKMT,EPKK,F8705"
"Goczałkowice-Zdrój, Woj. Śląskie, Polska",2025-10-26T11:00:00,10.9,10.9,6,71.61,0.1,100,rain,0,0,38.2,23.5,213,1001.9,57.1,10,82,0.3,1,10,"Rain, Partially cloudy",rain,"EPKT,LKMT,EPKK,F8705"
"Goczałkowice-Zdrój, Woj. Śląskie, Polska",2025-10-26T12:00:00,11.9,11.9,4.9,62.33,0,0,rain,0,0,42.5,25.4,217,1001.6,57.1,10,60,0.2,1,10,Partially cloudy,partly-cloudy-day,"EPKT,LKMT,EPKK,F8705"
"Goczałkowice-Zdrój, Woj. Śląskie, Polska",2025-10-26T13:00:00,11.8,11.8,5,63.07,0,51.6,rain,0,0,45.7,18.4,222,1001,79.9,24.1,349,1.3,3,10,"Rain, Partially cloudy",rain,
"Goczałkowice-Zdrój, Woj. Śląskie, Polska",2025-10-26T14:00:00,11.4,11.4,4.4,62.1,0,32.3,rain,0,0,46.4,22.3,239.5,1002,93.8,24.1,164,0.6,2,10,Overcast,cloudy,
"Goczałkowice-Zdrój, Woj. Śląskie, Polska",2025-10-26T15:00:00,10.9,10.9,4.6,65.1,0,32.3,,0,0,46.1,19.4,218.1,1001,14.5,23,126,0.5,1,10,Clear,clear-day,
"Goczałkowice-Zdrój, Woj. Śląskie, Polska",2025-10-26T16:00:00,10.4,10.4,4.3,65.9,0,32.3,,0,0,41,16.6,224.7,1001,100,24.1,90,0.3,1,10,Overcast,cloudy,
"Goczałkowice-Zdrój, Woj. Śląskie, Polska",2025-10-26T17:00:00,9,6.4,5.3,77.62,0.3,32.3,rain,0,0,42.1,16.6,239.1,1002,80.4,24.1,0,0,0,10,Partially cloudy,partly-cloudy-night,
"Goczałkowice-Zdrój, Woj. Śląskie, Polska",2025-10-26T18:00:00,9.1,6,2.3,62.43,0,32.3,,0,0,45,22.3,250.2,1002,63.2,24.1,0,0,0,10,Partially cloudy,partly-cloudy-night,
"Goczałkowice-Zdrój, Woj. Śląskie, Polska",2025-10-26T19:00:00,7.8,4.5,-2.4,48.47,0,32.3,rain,0,0,45,20.5,239,1003,45.1,24.1,0,0,0,10,Partially cloudy,partly-cloudy-night,
"Goczałkowice-Zdrój, Woj. Śląskie, Polska",2025-10-26T20:00:00,7.4,3.9,-1.9,51.69,0,32.3,,0,0,42.5,21.2,241.6,1003,85.2,24.1,0,0,0,10,Partially cloudy,partly-cloudy-night,
"Goczałkowice-Zdrój, Woj. Śląskie, Polska",2025-10-26T21:00:00,7.5,3.9,0.1,59.42,0.1,32.3,rain,0,0,46.4,22.3,243.9,1003,86.2,24.1,0,0,0,10,Partially cloudy,partly-cloudy-night,
"Goczałkowice-Zdrój, Woj. Śląskie, Polska",2025-10-26T22:00:00,7.2,3.6,1.4,66.61,0.2,32.3,rain,0,0,45.7,22,236.9,1003,88.6,24.1,0,0,0,10,Partially cloudy,partly-cloudy-night,
"Goczałkowice-Zdrój, Woj. Śląskie, Polska",2025-10-26T23:00:00,6.8,3.1,1.8,70.45,0,32.3,,0,0,45,21.6,235.7,1003,71.1,24.1,0,0,0,10,Partially cloudy,partly-cloudy-night,
"Goczałkowice-Zdrój, Woj. Śląskie, Polska",2025-10-27T00:00:00,6.5,2.8,1.5,70.39,0,32.3,,0,0,43.9,21.2,233.2,1004,53.4,24.1,0,0,0,10,Partially cloudy,partly-cloudy-night,
"Goczałkowice-Zdrój, Woj. Śląskie, Polska",2025-10-27T01:00:00,6.3,2.5,1,68.85,0,32.3,,0,0,43.2,21.2,232.9,1004,60.4,24.1,0,0,0,10,Partially cloudy,partly-cloudy-night,
"Goczałkowice-Zdrój, Woj. Śląskie, Polska",2025-10-27T02:00:00,6,2.2,0.5,67.8,0,0,,0,0,43.2,20.9,234,1004,8.8,24.1,0,0,0,10,Clear,clear-night,
"Goczałkowice-Zdrój, Woj. Śląskie, Polska",2025-10-27T03:00:00,5.7,1.8,0.2,67.74,0,0,,0,0,42.5,20.9,232.6,1004,12.6,24.1,0,0,0,10,Clear,clear-night,
"Goczałkowice-Zdrój, Woj. Śląskie, Polska",2025-10-27T04:00:00,5.4,1.4,0.1,68.66,0,0,,0,0,42.5,20.9,231.8,1004,26.6,24.1,0,0,0,10,Partially cloudy,partly-cloudy-night,
"Goczałkowice-Zdrój, Woj. Śląskie, Polska",2025-10-27T05:00:00,5.1,1.2,-0.2,68.6,0,0,,0,0,42.1,19.4,232.7,1005,29,24.1,0,0,0,10,Partially cloudy,partly-cloudy-night,
"Goczałkowice-Zdrój, Woj. Śląskie, Polska",2025-10-27T06:00:00,4.6,0.8,-0.7,68.49,0,0,rain,0,0,39.6,17.6,231.6,1005,32.9,24.1,0,0,0,10,Partially cloudy,partly-cloudy-night,
"Goczałkowice-Zdrój, Woj. Śląskie, Polska",2025-10-27T07:00:00,4.7,0.8,-1.2,65.57,0,0,rain,0,0,37.8,18.7,227.2,1004,40.5,24.1,6,0,0,10,Partially cloudy,partly-cloudy-day,
"Goczałkowice-Zdrój, Woj. Śląskie, Polska",2025-10-27T08:00:00,5.5,1.5,-1.6,60.23,0,12.9,,0,0,42.5,20.9,228,1004,29,24.1,54,0.2,1,10,Partially cloudy,partly-cloudy-day,
"Goczałkowice-Zdrój, Woj. Śląskie, Polska",2025-10-27T09:00:00,6.7,3,-1.3,56.67,0,12.9,,0,0,44.3,21.6,226.9,1003,47.4,24.1,208,0.7,2,10,Partially cloudy,partly-cloudy-day,
"Goczałkowice-Zdrój, Woj. Śląskie, Polska",2025-10-27T10:00:00,7.9,4.3,-0.8,54.16,0,12.9,,0,0,50.4,24.1,236.4,1003,77,24.1,281,1,3,10,Partially cloudy,partly-cloudy-day,
"Goczałkowice-Zdrój, Woj. Śląskie, Polska",2025-10-27T11:00:00,8.2,4.9,-0.2,55.43,0,12.9,,0,0,49.7,22,226.6,1002,85,24.1,240,0.9,2,10,Partially cloudy,partly-cloudy-day,
"Goczałkowice-Zdrój, Woj. Śląskie, Polska",2025-10-27T12:00:00,9.1,5.9,0.3,54.08,0,12.9,,0,0,51.8,23.4,234.7,1000,90.1,24.1,82,0.3,1,10,Overcast,cloudy,
"Goczałkowice-Zdrój, Woj. Śląskie, Polska",2025-10-27T13:00:00,8.6,5.5,1.9,62.76,0.3,12.9,rain,0,0,49.3,20.2,219.2,1000,100,24.1,258,0.9,3,10,Overcast,cloudy,
"Goczałkowice-Zdrój, Woj. Śląskie, Polska",2025-10-27T14:00:00,7.4,4,2.8,72.6,0.6,100,rain,0,0,43.9,20.9,220.1,999,100,24.1,99,0.4,1,10,"Rain, Overcast",rain,
"Goczałkowice-Zdrój, Woj. Śląskie, Polska",2025-10-27T15:00:00,6.7,3.3,2.7,75.63,0.9,100,rain,0,0,42.5,19.1,225.2,1000,100,14.5,22,0.1,0,10,"Rain, Overcast",rain,
"Goczałkowice-Zdrój, Woj. Śląskie, Polska",2025-10-27T16:00:00,6.3,2.9,2.7,77.74,1.3,100,rain,0,0,39.2,18.4,222.9,1000,100,8,4,0,0,10,"Rain, Overcast",rain,
"Goczałkowice-Zdrój, Woj. Śląskie, Polska",2025-10-27T17:00:00,6.5,3.2,2.5,75.6,1.1,100,rain,0,0,37.8,17.6,227.1,1000,95.3,9.1,0,0,0,10,"Rain, Overcast",rain,
"Goczałkowice-Zdrój, Woj. Śląskie, Polska",2025-10-27T18:00:00,6.2,2.9,2.4,76.63,0.1,100,rain,0,0,37.1,16.9,208.3,1000,73,9.3,0,0,0,10,"Rain, Partially cloudy",rain,
"Goczałkowice-Zdrój, Woj. Śląskie, Polska",2025-10-27T19:00:00,6.2,3.2,3.1,80.53,0.3,100,rain,0,0,34.2,15.1,212.9,1000,65.3,8.8,0,0,0,10,"Rain, Partially cloudy",rain,
"Goczałkowice-Zdrój, Woj. Śląskie, Polska",2025-10-27T20:00:00,6.4,3.5,3.3,80.56,0.1,96.8,rain,0,0,30.6,14.8,218.4,1000,96.4,14.8,0,0,0,10,"Rain, Overcast",rain,
"Goczałkowice-Zdrój, Woj. Śląskie, Polska",2025-10-27T21:00:00,7.1,3.7,3.5,77.87,0.3,96.8,rain,0,0,40.3,19.8,229,1000,99.3,24.1,0,0,0,10,"Rain, Overcast",rain,
"Goczałkowice-Zdrój, Woj. Śląskie, Polska",2025-10-27T22:00:00,7,3.6,3.3,77.3,0,96.8,rain,0,0,40,19.1,231.8,1000,66.6,24.1,0,0,0,10,"Rain, Partially cloudy",rain,
"Goczałkowice-Zdrój, Woj. Śląskie, Polska",2025-10-27T23:00:00,7,3.4,3.7,79.52,0,96.8,rain,0,0,42.5,20.9,235.3,1001,99.8,24.1,0,0,0,10,"Rain, Overcast",rain,
"Goczałkowice-Zdrój, Woj. Śląskie, Polska",2025-10-28T00:00:00,7.1,3.7,3.7,78.97,0.2,96.8,rain,0,0,42.5,20.2,236.1,1001,100,24.1,0,0,0,10,"Rain, Overcast",rain,
"Goczałkowice-Zdrój, Woj. Śląskie, Polska",2025-10-28T01:00:00,7.1,3.8,3.7,78.97,0,96.8,rain,0,0,41.4,18.7,239.9,1002,92.5,24.1,0,0,0,10,"Rain, Overcast",rain,
"Goczałkowice-Zdrój, Woj. Śląskie, Polska",2025-10-28T02:00:00,6.9,3.5,4.2,82.92,0.4,74.2,rain,0,0,42.1,19.1,244.3,1002,99.3,17.9,0,0,0,10,"Rain, Overcast",rain,
"Goczałkowice-Zdrój, Woj. Śląskie, Polska",2025-10-28T03:00:00,6.7,3.2,4.3,84.66,0.4,74.2,rain,0,0,39.2,19.4,243.2,1003,99.5,24.1,0,0,0,10,"Rain, Overcast",rain,
"Goczałkowice-Zdrój, Woj. Śląskie, Polska",2025-10-28T04:00:00,6.6,3.1,4.4,85.85,0.3,74.2,rain,0,0,40.3,19.4,244.4,1004,89.6,24.1,0,0,0,10,"Rain, Partially cloudy",rain,
"Goczałkowice-Zdrój, Woj. Śląskie, Polska",2025-10-28T05:00:00,6.5,3,4.3,85.83,0,74.2,rain,0,0,39.6,19.1,240.6,1005,87.2,24.1,0,0,0,10,"Rain, Partially cloudy",rain,
"Goczałkowice-Zdrój, Woj. Śląskie, Polska",2025-10-28T06:00:00,6.5,3.1,4.2,85.24,0.1,74.2,rain,0,0,38.5,18.7,242.6,1005,59.3,24.1,0,0,0,10,"Rain, Partially cloudy",rain,
"Goczałkowice-Zdrój, Woj. Śląskie, Polska",2025-10-28T07:00:00,6.3,2.8,3.7,83.44,0,74.2,rain,0,0,38.9,19.1,239.9,1006,80,17.6,2,0,0,10,"Rain, Partially cloudy",rain,
"Goczałkowice-Zdrój, Woj. Śląskie, Polska",2025-10-28T08:00:00,6.9,3.3,3.8,80.63,0.6,48.4,rain,0,0,46.1,21.2,244.8,1007,100,24.1,9,0,0,10,"Rain, Overcast",rain,
"Goczałkowice-Zdrój, Woj. Śląskie, Polska",2025-10-28T09:00:00,7.5,3.9,3.8,77.38,0.1,48.4,rain,0,0,46.1,22.7,243.6,1007,86.3,24.1,30,0.1,0,10,"Rain, Partially cloudy",rain,
"Goczałkowice-Zdrój, Woj. Śląskie, Polska",2025-10-28T10:00:00,8.4,5,4.1,74.34,0,48.4,rain,0,0,46.8,22.7,242.6,1007,59.8,24.1,222,0.8,2,10,"Rain, Partially cloudy",rain,
"Goczałkowice-Zdrój, Woj. Śląskie, Polska",2025-10-28T11:00:00,9,5.8,4.1,71.38,0,48.4,rain,0,0,46.8,22.7,247.6,1007,88.4,24.1,99,0.4,1,10,"Rain, Partially cloudy",rain,
"Goczałkowice-Zdrój, Woj. Śląskie, Polska",2025-10-28T12:00:00,9.4,6.4,3.8,68.04,0,48.4,rain,0,0,47.5,21.6,239.3,1006,83.2,24.1,169,0.6,2,10,"Rain, Partially cloudy",rain,
"Goczałkowice-Zdrój, Woj. Śląskie, Polska",2025-10-28T13:00:00,9.9,7.3,3,62.18,0,48.4,rain,0,0,47.2,19.4,236.8,1006,100,24.1,275,1,3,10,"Rain, Overcast",rain,
"Goczałkowice-Zdrój, Woj. Śląskie, Polska",2025-10-28T14:00:00,9.9,7.2,2.2,58.75,0,74.2,rain,0,0,41,19.8,233.5,1005,100,24.1,197,0.7,2,10,"Rain, Overcast",rain,
"Goczałkowice-Zdrój, Woj. Śląskie, Polska",2025-10-28T15:00:00,8.7,5.8,3.2,68.37,0.5,74.2,rain,0,0,44.6,18.7,229,1005,100,24.1,146,0.5,1,10,"Rain, Overcast",rain,
"Goczałkowice-Zdrój, Woj. Śląskie, Polska",2025-10-28T16:00:00,8.2,5.6,3.6,72.75,0.8,74.2,rain,0,0,38.2,15.5,214.6,1005,100,24.1,40,0.1,0,10,"Rain, Overcast",rain,
"Goczałkowice-Zdrój, Woj. Śląskie, Polska",2025-10-28T17:00:00,8.3,5.3,3.8,73.28,0.9,74.2,rain,0,0,38.9,19.1,214.2,1004,100,12.9,0,0,0,10,"Rain, Overcast",rain,
"Goczałkowice-Zdrój, Woj. Śląskie, Polska",2025-10-28T18:00:00,8.8,5.7,4.9,76.52,0.4,74.2,rain,0,0,45,21.6,218,1004,99.1,18,0,0,0,10,"Rain, Overcast",rain,
"Goczałkowice-Zdrój, Woj. Śląskie, Polska",2025-10-28T19:00:00,9.3,6.5,5.4,76.6,0,74.2,rain,0,0,42.1,19.8,230.8,1004,99.8,9.6,0,0,0,10,"Rain, Overcast",rain,
"Goczałkowice-Zdrój, Woj. Śląskie, Polska",2025-10-28T20:00:00,9.5,6.8,5.7,77.16,0,96.8,rain,0,0,40.3,19.1,228.1,1005,90.1,10.2,0,0,0,10,"Rain, Overcast",rain,
"Goczałkowice-Zdrój, Woj. Śląskie, Polska",2025-10-28T21:00:00,9.8,6.9,6.4,79.37,0.1,96.8,rain,0,0,46.4,22.3,236.3,1005,67.8,8.8,0,0,0,10,"Rain, Partially cloudy",rain,
"Goczałkowice-Zdrój, Woj. Śląskie, Polska",2025-10-28T22:00:00,9.6,6.7,6.7,82.12,0,96.8,rain,0,0,46.1,20.9,240.1,1006,54.2,7.7,0,0,0,10,"Rain, Partially cloudy",rain,
"Goczałkowice-Zdrój, Woj. Śląskie, Polska",2025-10-28T23:00:00,9.6,6.7,6.6,81.56,0,96.8,rain,0,0,45.7,20.9,240.7,1006,82.4,3.5,0,0,0,10,"Rain, Partially cloudy",rain,
"Goczałkowice-Zdrój, Woj. Śląskie, Polska",2025-10-29T00:00:00,9.5,6.7,6.3,80.43,0,96.8,rain,0,0,44.6,20.2,241.2,1007,65.4,8,0,0,0,10,"Rain, Partially cloudy",rain,
"Goczałkowice-Zdrój, Woj. Śląskie, Polska",2025-10-29T01:00:00,9.3,6.3,5.8,78.75,0,96.8,rain,0,0,43.9,21.6,240.2,1007,55.3,22.9,0,0,0,10,"Rain, Partially cloudy",rain,
"Goczałkowice-Zdrój, Woj. Śląskie, Polska",2025-10-29T02:00:00,9.4,6.4,5.6,77.15,0,35.5,,0,0,44.6,22,236.9,1008,84.7,24.1,0,0,0,10,Partially cloudy,partly-cloudy-night,
"Goczałkowice-Zdrój, Woj. Śląskie, Polska",2025-10-29T03:00:00,9.5,6.4,5.5,76.1,0,35.5,,0,0,48.6,23.8,238.4,1008,79.8,24.1,0,0,0,10,Partially cloudy,partly-cloudy-night,
"Goczałkowice-Zdrój, Woj. Śląskie, Polska",2025-10-29T04:00:00,9.4,6.3,5.5,76.62,0.1,35.5,rain,0,0,48.6,23,240.8,1009,99.3,24.1,0,0,0,10,Overcast,cloudy,
"Goczałkowice-Zdrój, Woj. Śląskie, Polska",2025-10-29T05:00:00,9.3,6.3,5.5,77.13,0,35.5,rain,0,0,46.8,22,239.2,1010,84,24.1,0,0,0,10,Partially cloudy,partly-cloudy-night,
"Goczałkowice-Zdrój, Woj. Śląskie, Polska",2025-10-29T06:00:00,9.2,6.2,5.5,77.65,0.3,35.5,rain,0,0,45,20.9,241,1011,89.2,24.1,0,0,0,10,Partially cloudy,partly-cloudy-night,
"Goczałkowice-Zdrój, Woj. Śląskie, Polska",2025-10-29T07:00:00,9.1,6.2,5.5,78.18,0.1,35.5,rain,0,0,41.8,20.2,239,1012,70.3,24.1,3,0,0,10,Partially cloudy,partly-cloudy-day,
"Goczałkowice-Zdrój, Woj. Śląskie, Polska",2025-10-29T08:00:00,9.6,6.7,5.4,75.24,0,22.6,,0,0,43,20.8,240.7,1012.7,65.7,24.1,90,0.3,1,10,Partially cloudy,partly-cloudy-day,
"Goczałkowice-Zdrój, Woj. Śląskie, Polska",2025-10-29T09:00:00,10.1,10.1,5.3,72.43,0,22.6,,0,0,44.2,21.4,242.4,1013.3,61,24.1,216,0.8,2,10,Partially cloudy,partly-cloudy-day,
"Goczałkowice-Zdrój, Woj. Śląskie, Polska",2025-10-29T10:00:00,10.6,10.6,5.3,69.73,0.1,22.6,rain,0,0,45.4,22,244.1,1014,56.4,24.1,324,1.2,3,10,Partially cloudy,partly-cloudy-day,
"Goczałkowice-Zdrój, Woj. Śląskie, Polska",2025-10-29T11:00:00,11.1,11.1,5.1,66.68,0,22.6,,0,0,44,20.9,245.2,1014,51.7,24.1,394,1.4,4,10,Partially cloudy,partly-cloudy-day,
"Goczałkowice-Zdrój, Woj. Śląskie, Polska",2025-10-29T12:00:00,11.6,11.6,5,63.77,0,22.6,,0,0,42.7,19.8,246.2,1014,47.1,24.1,416,1.5,4,10,Partially cloudy,partly-cloudy-day,
"Goczałkowice-Zdrój, Woj. Śląskie, Polska",2025-10-29T13:00:00,12.2,12.2,4.9,61,0,22.6,rain,0,0,41.4,18.7,247.3,1014,42.4,24.1,382,1.4,4,10,Partially cloudy,partly-cloudy-day,
"Goczałkowice-Zdrój, Woj. Śląskie, Polska",2025-10-29T14:00:00,11.9,11.9,4.5,60.78,0,6.5,,0,0,38.2,16.7,241.1,1014,53.5,24.1,311,1.1,3,10,Partially cloudy,partly-cloudy-day,
"Goczałkowice-Zdrój, Woj. Śląskie, Polska",2025-10-29T15:00:00,11.6,11.6,4.2,60.57,0,6.5,,0,0,34.9,14.6,234.8,1014,64.5,24.1,200,0.7,2,10,Partially cloudy,partly-cloudy-day,
"Goczałkowice-Zdrój, Woj. Śląskie, Polska",2025-10-29T16:00:00,11.3,11.3,3.9,60.36,0,6.5,rain,0,0,31.7,12.6,228.6,1014,75.6,24.1,59,0.2,1,10,Partially cloudy,partly-cloudy-day,
"Goczałkowice-Zdrój, Woj. Śląskie, Polska",2025-10-29T17:00:00,10.2,10.2,3.7,64.19,0,6.5,,0,0,25.2,10.3,211.5,1014.3,59.8,24.1,0,0,0,10,Partially cloudy,partly-cloudy-night,
"Goczałkowice-Zdrój, Woj. Śląskie, Polska",2025-10-29T18:00:00,9.1,8,3.6,68.31,0,6.5,,0,0,18.7,8,194.5,1014.7,43.9,24.1,0,0,0,10,Partially cloudy,partly-cloudy-night,
"Goczałkowice-Zdrój, Woj. Śląskie, Polska",2025-10-29T19:00:00,8.1,7.3,3.5,72.73,0,6.5,,0,0,12.2,5.8,177.4,1015,28.1,24.1,0,0,0,10,Partially cloudy,partly-cloudy-night,
"Goczałkowice-Zdrój, Woj. Śląskie, Polska",2025-10-29T20:00:00,8.3,7.8,4,74.16,0,0,,0,0,11.3,5,174.5,1015,52.1,24.1,0,0,0,10,Partially cloudy,partly-cloudy-night,
"Goczałkowice-Zdrój, Woj. Śląskie, Polska",2025-10-29T21:00:00,8.6,8.6,4.5,75.6,0,0,,0,0,10.3,4.3,171.6,1015,76,24.1,0,0,0,10,Partially cloudy,partly-cloudy-night,
"Goczałkowice-Zdrój, Woj. Śląskie, Polska",2025-10-29T22:00:00,8.9,8.9,5.1,77.07,0,0,,0,0,9.4,3.6,168.7,1015,100,24.1,0,0,0,10,Overcast,cloudy,
"Goczałkowice-Zdrój, Woj. Śląskie, Polska",2025-10-29T23:00:00,8.6,8.6,5.2,79.02,0,0,,0,0,8.2,3.6,157.9,1014.7,100,24.1,0,0,0,10,Overcast,cloudy,
"Goczałkowice-Zdrój, Woj. Śląskie, Polska",2025-10-30T00:00:00,8.4,8.4,5.3,81.03,0,0,,0,0,7,3.6,147.1,1014.3,100,24.1,0,0,0,10,Overcast,cloudy,
"Goczałkowice-Zdrój, Woj. Śląskie, Polska",2025-10-30T01:00:00,8.2,8.2,5.5,83.09,0,0,,0,0,5.8,3.6,136.3,1014,100,24.1,0,0,0,10,Overcast,cloudy,
"Goczałkowice-Zdrój, Woj. Śląskie, Polska",2025-10-30T02:00:00,7.5,7.5,5.4,86.35,0,0,,0,0,6,3.5,135.6,1013.7,100,24.1,0,0,0,10,Overcast,cloudy,
"Goczałkowice-Zdrój, Woj. Śląskie, Polska",2025-10-30T03:00:00,6.9,6.9,5.3,89.75,0,0,,0,0,6.2,3.4,134.9,1013.3,100,24.1,0,0,0,10,Overcast,cloudy,
"Goczałkowice-Zdrój, Woj. Śląskie, Polska",2025-10-30T04:00:00,6.3,6.3,5.3,93.31,0,0,,0,0,6.5,3.2,134.2,1013,100,24.1,0,0,0,10,Overcast,cloudy,
"Goczałkowice-Zdrój, Woj. Śląskie, Polska",2025-10-30T05:00:00,6.7,6.7,5.5,92.26,0,0,,0,0,5.8,3,139.3,1012.7,92.8,24.1,0,0,0,10,Overcast,cloudy,
"Goczałkowice-Zdrój, Woj. Śląskie, Polska",2025-10-30T06:00:00,7.1,7.1,5.7,91.23,0,0,,0,0,5,2.8,144.4,1012.3,85.5,24.1,0,0,0,10,Partially cloudy,partly-cloudy-night,
"Goczałkowice-Zdrój, Woj. Śląskie, Polska",2025-10-30T07:00:00,7.5,7.5,6,90.21,0,0,,0,0,4.3,2.5,149.5,1012,78.3,24.1,5,0,0,10,Partially cloudy,partly-cloudy-day,
"Goczałkowice-Zdrój, Woj. Śląskie, Polska",2025-10-30T08:00:00,9.9,9.9,6.8,81.05,0,0,,0,0,8.5,4.3,179.2,1011.7,85.5,24.1,76,0.3,1,10,Partially cloudy,partly-cloudy-day,
"Goczałkowice-Zdrój, Woj. Śląskie, Polska",2025-10-30T09:00:00,12.4,12.4,7.7,73.02,0,0,,0,0,12.7,6.1,208.8,1011.3,92.8,24.1,202,0.7,2,10,Overcast,cloudy,
"Goczałkowice-Zdrój, Woj. Śląskie, Polska",2025-10-30T10:00:00,14.9,14.9,8.6,65.97,0,0,,0,0,16.9,7.9,238.5,1011,100,24.1,276,1,3,10,Overcast,cloudy,
"Goczałkowice-Zdrój, Woj. Śląskie, Polska",2025-10-30T11:00:00,15.4,15.4,8.4,63.18,0,0,,0,0,24.4,11.3,238.5,1011,74.8,24.1,328,1.2,3,10,Partially cloudy,partly-cloudy-day,
"Goczałkowice-Zdrój, Woj. Śląskie, Polska",2025-10-30T12:00:00,16,16,8.4,60.52,0,0,,0,0,31.8,14.6,238.4,1011,49.7,24.1,375,1.3,4,10,Partially cloudy,partly-cloudy-day,
"Goczałkowice-Zdrój, Woj. Śląskie, Polska",2025-10-30T13:00:00,16.6,16.6,8.3,57.98,0,0,,0,0,39.2,18,238.4,1011,24.5,24.1,286,1,3,10,Partially cloudy,partly-cloudy-day,
"Goczałkowice-Zdrój, Woj. Śląskie, Polska",2025-10-30T14:00:00,16,16,8,59.17,0,3.2,,0,0,38.3,16.9,238.6,1011.3,18.2,24.1,212,0.8,2,10,Clear,clear-day,
"Goczałkowice-Zdrój, Woj. Śląskie, Polska",2025-10-30T15:00:00,15.4,15.4,7.8,60.39,0,3.2,,0,0,37.3,15.8,238.9,1011.7,12,24.1,98,0.4,1,10,Clear,clear-day,
"Goczałkowice-Zdrój, Woj. Śląskie, Polska",2025-10-30T16:00:00,14.9,14.9,7.6,61.64,0,3.2,,0,0,36.4,14.8,239.1,1012,5.7,24.1,20,0.1,0,10,Clear,clear-day,
"Goczałkowice-Zdrój, Woj. Śląskie, Polska",2025-10-30T17:00:00,13.9,13.9,7.6,65.76,0,3.2,,0,0,29.6,12.2,232.4,1012.7,15.5,24.1,0,0,0,10,Clear,clear-night,
"Goczałkowice-Zdrój, Woj. Śląskie, Polska",2025-10-30T18:00:00,12.9,12.9,7.6,70.18,0,3.2,,0,0,22.9,9.7,225.8,1013.3,25.2,24.1,0,0,0,10,Partially cloudy,partly-cloudy-night,
"Goczałkowice-Zdrój, Woj. Śląskie, Polska",2025-10-30T19:00:00,11.9,11.9,7.6,74.95,0,3.2,,0,0,16.2,7.2,219.1,1014,35,24.1,0,0,0,10,Partially cloudy,partly-cloudy-night,
"Goczałkowice-Zdrój, Woj. Śląskie, Polska",2025-10-30T20:00:00,11.3,11.3,7.6,77.98,0,0,,0,0,13.4,6.1,221,1014.7,55.1,24.1,0,0,0,10,Partially cloudy,partly-cloudy-night,
"Goczałkowice-Zdrój, Woj. Śląskie, Polska",2025-10-30T21:00:00,10.7,10.7,7.6,81.15,0,0,,0,0,10.7,5,222.8,1015.3,75.2,24.1,0,0,0,10,Partially cloudy,partly-cloudy-night,
"Goczałkowice-Zdrój, Woj. Śląskie, Polska",2025-10-30T22:00:00,10.1,10.1,7.6,84.46,0,0,,0,0,7.9,4,224.7,1016,95.3,24.1,0,0,0,10,Overcast,cloudy,
"Goczałkowice-Zdrój, Woj. Śląskie, Polska",2025-10-30T23:00:00,10.8,10.8,7.8,81.72,0,0,,0,0,5.4,5.4,158.5,1013,100,24.1,0,0,0,10,Overcast,cloudy,
"Goczałkowice-Zdrój, Woj. Śląskie, Polska",2025-10-31T00:00:00,11.3,11.3,7.9,79.59,0,0,,0,0,6.8,6.1,149.9,1013,100,24.1,0,0,0,10,Overcast,cloudy,
"Goczałkowice-Zdrój, Woj. Śląskie, Polska",2025-10-31T01:00:00,11.6,11.6,7.9,78.03,0,0,,0,0,7.9,6.5,142,1013,98.8,24.1,0,0,0,10,Overcast,cloudy,
"Goczałkowice-Zdrój, Woj. Śląskie, Polska",2025-10-31T02:00:00,11.6,11.6,7.9,78.03,0,0,,0,0,6.4,5.4,132.5,1012.7,99.2,24.1,0,0,0,10,Overcast,cloudy,
"Goczałkowice-Zdrój, Woj. Śląskie, Polska",2025-10-31T03:00:00,11.6,11.6,7.9,78.04,0,0,,0,0,4.8,4.3,123.1,1012.3,99.6,24.1,0,0,0,10,Overcast,cloudy,
"Goczałkowice-Zdrój, Woj. Śląskie, Polska",2025-10-31T04:00:00,11.7,11.7,8,78.04,0,0,,0,0,3.2,3.2,113.6,1012,100,24.1,0,0,0,10,Overcast,cloudy,
"Goczałkowice-Zdrój, Woj. Śląskie, Polska",2025-10-31T05:00:00,11.7,11.7,8.1,78.75,0,0,,0,0,5,4.4,114.3,1012,100,24.1,0,0,0,10,Overcast,cloudy,
"Goczałkowice-Zdrój, Woj. Śląskie, Polska",2025-10-31T06:00:00,11.7,11.7,8.2,79.47,0,0,,0,0,6.8,5.6,114.9,1012,100,24.1,0,0,0,10,Overcast,cloudy,
"Goczałkowice-Zdrój, Woj. Śląskie, Polska",2025-10-31T07:00:00,11.7,11.7,8.4,80.19,0.1,0,rain,0,0,8.6,6.8,115.6,1012,100,24.1,0,0,0,10,Overcast,cloudy,
"Goczałkowice-Zdrój, Woj. Śląskie, Polska",2025-10-31T08:00:00,11.9,11.9,8.6,80.58,0,3.2,,0,0,6.7,5.4,141.2,1012,100,24.1,5,0,0,10,Overcast,cloudy,
"Goczałkowice-Zdrój, Woj. Śląskie, Polska",2025-10-31T09:00:00,12.1,12.1,8.9,80.97,0,3.2,,0,0,4.8,4,166.9,1012,100,24.1,10,0.1,0,10,Overcast,cloudy,
"Goczałkowice-Zdrój, Woj. Śląskie, Polska",2025-10-31T10:00:00,12.3,12.3,9.2,81.36,0,3.2,,0,0,2.9,2.5,192.5,1012,100,24.1,15,0.1,0,10,Overcast,cloudy,
"Goczałkowice-Zdrój, Woj. Śląskie, Polska",2025-10-31T11:00:00,12.4,12.4,9.3,81.74,0,3.2,,0,0,2.8,2.6,215.4,1012,100,24.1,21,0.1,0,10,Overcast,cloudy,
"Goczałkowice-Zdrój, Woj. Śląskie, Polska",2025-10-31T12:00:00,12.4,12.4,9.5,82.12,0,3.2,,0,0,2.6,2.8,238.2,1012,100,24.1,27,0.1,0,10,Overcast,cloudy,
"Goczałkowice-Zdrój, Woj. Śląskie, Polska",2025-10-31T13:00:00,12.6,12.6,9.7,82.5,0,3.2,,0,0,2.5,2.9,261.1,1012,100,24.1,33,0.1,0,10,Overcast,cloudy,
"Goczałkowice-Zdrój, Woj. Śląskie, Polska",2025-10-31T14:00:00,12.4,12.4,9.6,82.86,0,6.5,,0,0,1.9,2,246.3,1012,100,24.1,27.7,0.1,0,10,Overcast,cloudy,
"Goczałkowice-Zdrój, Woj. Śląskie, Polska",2025-10-31T15:00:00,12.4,12.4,9.6,83.22,0,6.5,,0,0,1.3,1.2,231.6,1012,100,24.1,22.3,0.1,0,10,Overcast,cloudy,
"Goczałkowice-Zdrój, Woj. Śląskie, Polska",2025-10-31T16:00:00,12.3,12.3,9.6,83.58,0,6.5,,0,0,0.7,0.4,216.8,1012,100,24.1,17,0.1,0,10,Overcast,cloudy,
"Goczałkowice-Zdrój, Woj. Śląskie, Polska",2025-10-31T17:00:00,12.3,12.3,9.6,83.77,0,6.5,,0,0,3,2.4,190.9,1012,100,24.1,11.3,0.1,0,10,Overcast,cloudy,
"Goczałkowice-Zdrój, Woj. Śląskie, Polska",2025-10-31T18:00:00,12.3,12.3,9.7,83.96,0,6.5,,0,0,5.3,4.4,164.9,1012,100,24.1,5.7,0,0,10,Overcast,cloudy,
"Goczałkowice-Zdrój, Woj. Śląskie, Polska",2025-10-31T19:00:00,12.4,12.4,9.8,84.15,0,6.5,,0,0,7.6,6.5,139,1012,100,24.1,0,0,0,10,Overcast,cloudy,
"Goczałkowice-Zdrój, Woj. Śląskie, Polska",2025-10-31T20:00:00,12.4,12.4,9.8,84.16,0,9.7,,0,0,7,6.1,139.7,1011.7,100,24.1,0,0,0,10,Overcast,cloudy,
"Goczałkowice-Zdrój, Woj. Śląskie, Polska",2025-10-31T21:00:00,12.5,12.5,9.9,84.17,0,9.7,,0,0,6.4,5.8,140.3,1011.3,100,24.1,0,0,0,10,Overcast,cloudy,
"Goczałkowice-Zdrój, Woj. Śląskie, Polska",2025-10-31T22:00:00,12.6,12.6,10,84.18,0.1,9.7,rain,0,0,5.8,5.4,141,1011,100,24.1,0,0,0,10,Overcast,cloudy,
"Goczałkowice-Zdrój, Woj. Śląskie, Polska",2025-10-31T23:00:00,12.5,12.5,9.8,83.61,0,9.7,,0,0,5.6,5.4,138.5,1011,100,24.1,0,0,0,10,Overcast,cloudy,
"Goczałkowice-Zdrój, Woj. Śląskie, Polska",2025-11-01T00:00:00,12.5,12.5,9.7,83.05,0,9.7,,0,0,5.5,5.4,136.1,1011,100,24.1,0,0,0,10,Overcast,cloudy,
"Goczałkowice-Zdrój, Woj. Śląskie, Polska",2025-11-01T01:00:00,12.5,12.5,9.6,82.49,0,9.7,,0,0,5.4,5.4,133.6,1011,100,24.1,0,0,0,10,Overcast,cloudy,
"Goczałkowice-Zdrój, Woj. Śląskie, Polska",2025-11-01T02:00:00,12.4,12.4,9.6,82.85,0,12.9,,0,0,4.3,4.3,134.7,1010.7,100,23.8,0,0,0,10,Overcast,cloudy,
"Goczałkowice-Zdrój, Woj. Śląskie, Polska",2025-11-01T03:00:00,12.3,12.3,9.6,83.22,0,12.9,,0,0,3.2,3.2,135.7,1010.3,100,23.6,0,0,0,10,Overcast,cloudy,
"Goczałkowice-Zdrój, Woj. Śląskie, Polska",2025-11-01T04:00:00,12.3,12.3,9.6,83.58,0.1,12.9,rain,0,0,2.2,2.2,136.8,1010,100,23.3,0,0,0,10,Overcast,cloudy,
"Goczałkowice-Zdrój, Woj. Śląskie, Polska",2025-11-01T05:00:00,12.1,12.1,9.8,85.84,0,12.9,,0,0,2.4,2.4,167.3,1010,100,22.7,0,0,0,10,Overcast,cloudy,
"Goczałkowice-Zdrój, Woj. Śląskie, Polska",2025-11-01T06:00:00,12,12,10.1,88.15,0,12.9,,0,0,2.6,2.6,197.9,1010,100,22.2,0,0,0,10,Overcast,cloudy,
"Goczałkowice-Zdrój, Woj. Śląskie, Polska",2025-11-01T07:00:00,11.9,11.9,10.4,90.53,0.9,12.9,rain,0,0,2.9,2.9,228.4,1010,100,21.6,0,0,0,10,Overcast,cloudy,
"Goczałkowice-Zdrój, Woj. Śląskie, Polska",2025-11-01T08:00:00,12.2,12.2,10.4,88.76,0,12.9,,0,0,3.8,3.1,224.6,1010,100,22.4,6.7,0,0,10,Overcast,cloudy,
"Goczałkowice-Zdrój, Woj. Śląskie, Polska",2025-11-01T09:00:00,12.6,12.6,10.5,87.04,0,12.9,,0,0,4.8,3.4,220.7,1010,100,23.3,13.3,0.1,0,10,Overcast,cloudy,
"Goczałkowice-Zdrój, Woj. Śląskie, Polska",2025-11-01T10:00:00,13,13,10.6,85.35,0.2,12.9,rain,0,0,5.8,3.6,216.9,1010,100,24.1,20,0.1,0,10,Overcast,cloudy,
"Goczałkowice-Zdrój, Woj. Śląskie, Polska",2025-11-01T11:00:00,13.7,13.7,10.8,82.28,0,12.9,,0,0,12.1,5.6,222.1,1010,100,24.1,53.3,0.2,1,10,Overcast,cloudy,
"Goczałkowice-Zdrój, Woj. Śląskie, Polska",2025-11-01T12:00:00,14.5,14.5,11,79.34,0,12.9,,0,0,18.5,7.7,227.4,1010,100,24.1,86.7,0.3,1,10,Overcast,cloudy,
"Goczałkowice-Zdrój, Woj. Śląskie, Polska",2025-11-01T13:00:00,15.3,15.3,11.2,76.53,0,12.9,,0,0,24.8,9.7,232.6,1010,100,24.1,120,0.4,1,10,Overcast,cloudy,
"Goczałkowice-Zdrój, Woj. Śląskie, Polska",2025-11-01T14:00:00,14.8,14.8,11.2,78.69,0,16.1,,0,0,19.4,8.8,241,1010,100,24.1,97.7,0.3,1,10,Overcast,cloudy,
"Goczałkowice-Zdrój, Woj. Śląskie, Polska",2025-11-01T15:00:00,14.4,14.4,11.2,80.92,0,16.1,,0,0,14,7.8,249.4,1010,100,24.1,75.3,0.3,1,10,Overcast,cloudy,
"Goczałkowice-Zdrój, Woj. Śląskie, Polska",2025-11-01T16:00:00,14,14,11.2,83.23,0,16.1,,0,0,8.6,6.8,257.8,1010,100,24.1,53,0.2,1,10,Overcast,cloudy,
"Goczałkowice-Zdrój, Woj. Śląskie, Polska",2025-11-01T17:00:00,13.7,13.7,11.1,84.68,0,16.1,,0,0,10.6,7.1,251.3,1010.7,100,24.1,35.3,0.1,0,10,Overcast,cloudy,
"Goczałkowice-Zdrój, Woj. Śląskie, Polska",2025-11-01T18:00:00,13.4,13.4,11.1,86.16,0,16.1,,0,0,12.5,7.3,244.9,1011.3,100,24.1,17.7,0.1,0,10,Overcast,cloudy,
"Goczałkowice-Zdrój, Woj. Śląskie, Polska",2025-11-01T19:00:00,13.1,13.1,11.1,87.66,0.1,16.1,rain,0,0,14.4,7.6,238.4,1012,100,24.1,0,0,0,10,Overcast,cloudy,
"Goczałkowice-Zdrój, Woj. Śląskie, Polska",2025-11-01T20:00:00,12.7,12.7,10.9,89.2,0,19.4,,0,0,15.8,8,246.2,1012.3,100,24.1,0,0,0,10,Overcast,cloudy,
"Goczałkowice-Zdrój, Woj. Śląskie, Polska",2025-11-01T21:00:00,12.3,12.3,10.9,90.76,0,19.4,,0,0,17.3,8.5,254.1,1012.7,100,24.1,0,0,0,10,Overcast,cloudy,
"Goczałkowice-Zdrój, Woj. Śląskie, Polska",2025-11-01T22:00:00,12,12,10.8,92.36,0.1,19.4,rain,0,0,18.7,9,261.9,1013,100,24.1,0,0,0,10,Overcast,cloudy,
"Goczałkowice-Zdrój, Woj. Śląskie, Polska",2025-11-01T23:00:00,11.6,11.6,9.9,89.51,0,19.4,,0,0,24.4,10.3,276.9,1013.3,100,24.1,0,0,0,10,Overcast,cloudy,
"Goczałkowice-Zdrój, Woj. Śląskie, Polska",2025-11-02T00:00:00,11.3,11.3,9.2,86.72,0,19.4,,0,0,30,11.6,291.9,1013.7,100,24.1,0,0,0,10,Overcast,cloudy,
"Goczałkowice-Zdrój, Woj. Śląskie, Polska",2025-11-02T01:00:00,11,11,8.4,83.99,0,19.4,,0,0,35.6,13,306.9,1014,100,24.1,0,0,0,10,Overcast,cloudy,
"Goczałkowice-Zdrój, Woj. Śląskie, Polska",2025-11-02T02:00:00,10.6,10.6,8.5,86.66,0,9.7,,0,0,33.6,12.2,302.2,1014.7,100,19.2,0,0,0,10,Overcast,cloudy,
"Goczałkowice-Zdrój, Woj. Śląskie, Polska",2025-11-02T03:00:00,10.3,10.3,8.6,89.41,0,9.7,,0,0,31.6,11.5,297.6,1015.3,100,14.2,0,0,0,10,Overcast,cloudy,
"Goczałkowice-Zdrój, Woj. Śląskie, Polska",2025-11-02T04:00:00,10,8.5,8.8,92.25,4.3,9.7,rain,0,0,29.5,10.8,292.9,1016,100,9.3,0,0,0,10,Overcast,cloudy,
"Goczałkowice-Zdrój, Woj. Śląskie, Polska",2025-11-02T05:00:00,9.9,8.7,8.8,92.66,0,9.7,,0,0,23.6,9.4,278.6,1016.3,100,14.2,0,0,0,10,Overcast,cloudy,
"Goczałkowice-Zdrój, Woj. Śląskie, Polska",2025-11-02T06:00:00,9.9,8.9,8.8,93.08,0,9.7,,0,0,17.8,7.9,264.4,1016.7,100,19.2,0,0,0,10,Overcast,cloudy,
"Goczałkowice-Zdrój, Woj. Śląskie, Polska",2025-11-02T07:00:00,9.9,9.2,8.9,93.5,1.1,9.7,rain,0,0,11.9,6.5,250.1,1017,100,24.1,0,0,0,10,Overcast,cloudy,
"Goczałkowice-Zdrój, Woj. Śląskie, Polska",2025-11-02T08:00:00,10.3,10.3,8.5,88.41,0,6.5,,0,0,10.7,6.7,257.1,1017,90.9,24.1,28.7,0.2,0,10,Overcast,cloudy,
"Goczałkowice-Zdrój, Woj. Śląskie, Polska",2025-11-02T09:00:00,10.8,10.8,8.1,83.6,0,6.5,,0,0,9.5,7,264.1,1017,81.7,24.1,57.3,0.3,1,10,Partially cloudy,partly-cloudy-day,
"Goczałkowice-Zdrój, Woj. Śląskie, Polska",2025-11-02T10:00:00,11.3,11.3,7.8,79.05,0.1,6.5,rain,0,0,8.3,7.2,271.1,1017,72.6,24.1,86,0.3,1,10,Partially cloudy,partly-cloudy-day,
"Goczałkowice-Zdrój, Woj. Śląskie, Polska",2025-11-02T11:00:00,11.4,11.4,7.6,77.47,0,6.5,,0,0,7.9,7,265,1016.7,73.6,24.1,118,0.4,1,10,Partially cloudy,partly-cloudy-day,
"Goczałkowice-Zdrój, Woj. Śląskie, Polska",2025-11-02T12:00:00,11.5,11.5,7.4,75.92,0,6.5,,0,0,7.6,6.7,258.8,1016.3,74.5,24.1,150,0.6,2,10,Partially cloudy,partly-cloudy-day,
"Goczałkowice-Zdrój, Woj. Śląskie, Polska",2025-11-02T13:00:00,11.7,11.7,7.3,74.4,0.1,6.5,rain,0,0,7.2,6.5,252.7,1016,75.5,24.1,182,0.7,2,10,Partially cloudy,partly-cloudy-day,
"Goczałkowice-Zdrój, Woj. Śląskie, Polska",2025-11-02T14:00:00,11.1,11.1,7.2,76.73,0,9.7,,0,0,5.8,5.2,251.9,1016.3,52,24.1,166,0.6,2,10,Partially cloudy,partly-cloudy-day,
"Goczałkowice-Zdrój, Woj. Śląskie, Polska",2025-11-02T15:00:00,10.6,10.6,7.1,79.13,0,9.7,,0,0,4.3,3.8,251.2,1016.7,28.5,24.1,150,0.6,2,10,Partially cloudy,partly-cloudy-day,
"Goczałkowice-Zdrój, Woj. Śląskie, Polska",2025-11-02T16:00:00,10.1,10.1,7.1,81.63,0.1,9.7,rain,0,0,2.9,2.5,250.4,1017,5,24.1,134,0.5,1,10,Clear,clear-day,
"Goczałkowice-Zdrój, Woj. Śląskie, Polska",2025-11-02T17:00:00,9.6,9.6,6.8,82.69,0,9.7,,0,0,3.6,3.4,210.3,1017,3.4,24.1,89.3,0.3,0,10,Clear,clear-night,
"Goczałkowice-Zdrój, Woj. Śląskie, Polska",2025-11-02T18:00:00,9.1,9.1,6.5,83.77,0,9.7,,0,0,4.3,4.2,170.2,1017,1.8,24.1,44.7,0.2,0,10,Clear,clear-night,
"Goczałkowice-Zdrój, Woj. Śląskie, Polska",2025-11-02T19:00:00,8.6,8.1,6.2,84.88,0,9.7,,0,0,5,5,130.1,1017,0.2,24.1,0,0,0,10,Clear,clear-night,
"Goczałkowice-Zdrój, Woj. Śląskie, Polska",2025-11-02T20:00:00,8.3,7.8,6.1,85.83,0,25.8,,0,0,4.9,4.9,131,1017.3,23.8,24.1,0,0,0,10,Partially cloudy,partly-cloudy-night,
"Goczałkowice-Zdrój, Woj. Śląskie, Polska",2025-11-02T21:00:00,8,8,6,86.8,0,25.8,,0,0,4.8,4.8,131.8,1017.7,47.3,24.1,0,0,0,10,Partially cloudy,partly-cloudy-night,
"Goczałkowice-Zdrój, Woj. Śląskie, Polska",2025-11-02T22:00:00,7.8,7.8,5.9,87.78,0,25.8,,0,0,4.7,4.7,132.7,1018,70.9,24.1,0,0,0,10,Partially cloudy,partly-cloudy-night,
"Goczałkowice-Zdrój, Woj. Śląskie, Polska",2025-11-02T23:00:00,7.4,6.7,5.7,88.56,0,25.8,,0,0,6.2,5.6,124,1017.7,80.5,24.1,0,0,0,10,Partially cloudy,partly-cloudy-night,
"Goczałkowice-Zdrój, Woj. Śląskie, Polska",2025-11-03T00:00:00,7.2,6,5.5,89.36,0,25.8,,0,0,7.8,6.6,115.4,1017.3,90.2,24.1,0,0,0,10,Overcast,cloudy,
"Goczałkowice-Zdrój, Woj. Śląskie, Polska",2025-11-03T01:00:00,6.9,5.4,5.4,90.17,0,25.8,,0,0,9.4,7.6,106.7,1017,99.8,24.1,0,0,0,10,Overcast,cloudy,
"Goczałkowice-Zdrój, Woj. Śląskie, Polska",2025-11-03T02:00:00,6.8,5.5,5.1,88.92,0,9.7,,0,0,9.4,7.3,109.7,1017,99.9,24.1,0,0,0,10,Overcast,cloudy,
"Goczałkowice-Zdrój, Woj. Śląskie, Polska",2025-11-03T03:00:00,6.8,5.5,4.9,87.69,0,9.7,,0,0,9.4,7.1,112.6,1017,99.9,24.1,0,0,0,10,Overcast,cloudy,
"Goczałkowice-Zdrój, Woj. Śląskie, Polska",2025-11-03T04:00:00,6.8,5.5,4.7,86.47,0,9.7,,0,0,9.4,6.8,115.6,1017,100,24.1,0,0,0,10,Overcast,cloudy,
"Goczałkowice-Zdrój, Woj. Śląskie, Polska",2025-11-03T05:00:00,6.5,5.3,4.4,86.04,0,9.7,,0,0,8.9,6.7,116.3,1017,96.8,24.1,0.3,0,0,10,Overcast,cloudy,
"Goczałkowice-Zdrój, Woj. Śląskie, Polska",2025-11-03T06:00:00,6.3,5,4.1,85.62,0,9.7,,0,0,8.4,6.6,117.1,1017,93.7,24.1,0.7,0,0,10,Overcast,cloudy,
"Goczałkowice-Zdrój, Woj. Śląskie, Polska",2025-11-03T07:00:00,6.1,4.8,3.8,85.19,0,9.7,,0,0,7.9,6.5,117.8,1017,90.5,24.1,1,0,0,10,Overcast,cloudy,
"Goczałkowice-Zdrój, Woj. Śląskie, Polska",2025-11-03T08:00:00,7.6,6.5,4.1,78.5,0,6.5,,0,0,8.6,6.8,112,1016.7,62.1,24.1,53.7,0.3,1,10,Partially cloudy,partly-cloudy-day,
"Goczałkowice-Zdrój, Woj. Śląskie, Polska",2025-11-03T09:00:00,9.1,8.2,4.4,72.42,0,6.5,,0,0,9.4,7.2,106.3,1016.3,33.6,24.1,106.3,0.5,1,10,Partially cloudy,partly-cloudy-day,
"Goczałkowice-Zdrój, Woj. Śląskie, Polska",2025-11-03T10:00:00,10.7,10.7,4.8,66.9,0,6.5,,0,0,10.1,7.6,100.5,1016,5.2,24.1,159,0.6,2,10,Clear,clear-day,
"Goczałkowice-Zdrój, Woj. Śląskie, Polska",2025-11-03T11:00:00,11.7,11.7,4.9,63.04,0,6.5,,0,0,9.1,7.3,96.3,1015.7,5.1,24.1,229.3,0.8,2,10,Clear,clear-day,
"Goczałkowice-Zdrój, Woj. Śląskie, Polska",2025-11-03T12:00:00,12.7,12.7,4.9,59.44,0,6.5,,0,0,8.2,7.1,92,1015.3,5.1,24.1,299.7,1.1,3,10,Clear,clear-day,
"Goczałkowice-Zdrój, Woj. Śląskie, Polska",2025-11-03T13:00:00,13.7,13.7,5.1,56.08,0,6.5,,0,0,7.2,6.8,87.8,1015,5,24.1,370,1.3,4,10,Clear,clear-day,
"Goczałkowice-Zdrój, Woj. Śląskie, Polska",2025-11-03T14:00:00,12.7,12.7,5.3,60.57,0,12.9,,0,0,7.9,7.4,88.2,1015,6.7,24.1,306,1.1,3,10,Clear,clear-day,
"Goczałkowice-Zdrój, Woj. Śląskie, Polska",2025-11-03T15:00:00,11.8,11.8,5.5,65.45,0,12.9,,0,0,8.6,8,88.7,1015,8.4,24.1,242,0.8,2,10,Clear,clear-day,
"Goczałkowice-Zdrój, Woj. Śląskie, Polska",2025-11-03T16:00:00,10.9,10.9,5.8,70.76,0,12.9,,0,0,9.4,8.6,89.1,1015,10.1,24.1,178,0.6,2,10,Clear,clear-day,
"Goczałkowice-Zdrój, Woj. Śląskie, Polska",2025-11-03T17:00:00,10.3,10.3,5.8,73.82,0,12.9,,0,0,8.4,7.6,102.1,1015,40.1,24.1,118.7,0.4,0,10,Partially cloudy,partly-cloudy-night,
"Goczałkowice-Zdrój, Woj. Śląskie, Polska",2025-11-03T18:00:00,9.7,9,5.9,77.03,0,12.9,,0,0,7.4,6.5,115,1015,70,24.1,59.3,0.2,0,10,Partially cloudy,partly-cloudy-night,
"Goczałkowice-Zdrój, Woj. Śląskie, Polska",2025-11-03T19:00:00,9.2,8.7,6,80.39,0,12.9,,0,0,6.5,5.4,128,1015,100,24.1,0,0,0,10,Overcast,cloudy,
"Goczałkowice-Zdrój, Woj. Śląskie, Polska",2025-11-03T20:00:00,8.9,8.9,6,82.04,0,19.4,,0,0,5.6,4.8,139.8,1014.7,93.4,24.1,0,0,0,10,Overcast,cloudy,
"Goczałkowice-Zdrój, Woj. Śląskie, Polska",2025-11-03T21:00:00,8.7,8.7,6.1,83.73,0,19.4,,0,0,4.8,4.2,151.6,1014.3,86.9,24.1,0,0,0,10,Partially cloudy,partly-cloudy-night,
"Goczałkowice-Zdrój, Woj. Śląskie, Polska",2025-11-03T22:00:00,8.5,8.5,6.2,85.45,0,19.4,,0,0,4,3.6,163.4,1014,80.3,24.1,0,0,0,10,Partially cloudy,partly-cloudy-night,
"Goczałkowice-Zdrój, Woj. Śląskie, Polska",2025-11-03T23:00:00,8.4,8.4,6.1,85.84,0,19.4,,0,0,4.1,3.8,143.3,1014,86.4,24.1,0,0,0,10,Partially cloudy,partly-cloudy-night,
"Goczałkowice-Zdrój, Woj. Śląskie, Polska",2025-11-04T00:00:00,8.3,8.3,6.1,86.22,0,19.4,,0,0,4.2,4.1,123.2,1014,92.5,24.1,0,0,0,10,Overcast,cloudy,
"Goczałkowice-Zdrój, Woj. Śląskie, Polska",2025-11-04T01:00:00,8.2,8.2,6.1,86.61,0,19.4,,0,0,4.3,4.3,103.1,1014,98.6,24.1,0,0,0,10,Overcast,cloudy,
"Goczałkowice-Zdrój, Woj. Śląskie, Polska",2025-11-04T02:00:00,8,7.2,5.9,86.59,0,3.2,,0,0,6.4,5.8,102.4,1013.7,90.1,24.1,0,0,0,10,Overcast,cloudy,
"Goczałkowice-Zdrój, Woj. Śląskie, Polska",2025-11-04T03:00:00,7.8,6.6,5.7,86.58,0,3.2,,0,0,8.4,7.2,101.8,1013.3,81.5,24.1,0,0,0,10,Partially cloudy,partly-cloudy-night,
"Goczałkowice-Zdrój, Woj. Śląskie, Polska",2025-11-04T04:00:00,7.7,6.1,5.6,86.56,0,3.2,,0,0,10.4,8.6,101.1,1013,73,24.1,0,0,0,10,Partially cloudy,partly-cloudy-night,
"Goczałkowice-Zdrój, Woj. Śląskie, Polska",2025-11-04T05:00:00,7.7,6.2,5.6,86.56,0,3.2,,0,0,10.7,8.3,103.2,1013,69.3,24.1,0.3,0,0,10,Partially cloudy,partly-cloudy-night,
"Goczałkowice-Zdrój, Woj. Śląskie, Polska",2025-11-04T06:00:00,7.7,6.3,5.6,86.56,0,3.2,,0,0,10.9,7.9,105.2,1013,65.5,24.1,0.7,0,0,10,Partially cloudy,partly-cloudy-night,
"Goczałkowice-Zdrój, Woj. Śląskie, Polska",2025-11-04T07:00:00,7.7,6.4,5.6,86.56,0,3.2,,0,0,11.2,7.6,107.3,1013,61.8,24.1,1,0,0,10,Partially cloudy,partly-cloudy-day,
"Goczałkowice-Zdrój, Woj. Śląskie, Polska",2025-11-04T08:00:00,9.3,8.3,6.4,81.9,0,0,,0,0,10.8,7.6,103.3,1012.7,69.3,24.1,56.7,0.3,1,10,Partially cloudy,partly-cloudy-day,
"Goczałkowice-Zdrój, Woj. Śląskie, Polska",2025-11-04T09:00:00,11,11,7.2,77.58,0,0,,0,0,10.4,7.6,99.3,1012.3,76.8,24.1,112.3,0.5,1,10,Partially cloudy,partly-cloudy-day,
"Goczałkowice-Zdrój, Woj. Śląskie, Polska",2025-11-04T10:00:00,12.7,12.7,8.1,73.57,0,0,,0,0,10.1,7.6,95.3,1012,84.3,24.1,168,0.6,2,10,Partially cloudy,partly-cloudy-day,
"Goczałkowice-Zdrój, Woj. Śląskie, Polska",2025-11-04T11:00:00,13.1,13.1,8.6,73.99,0,0,,0,0,10,7.4,79.3,1011.7,88.8,24.1,189.3,0.7,2,10,Partially cloudy,partly-cloudy-day,
"Goczałkowice-Zdrój, Woj. Śląskie, Polska",2025-11-04T12:00:00,13.6,13.6,9.1,74.4,0,0,,0,0,9.8,7.3,63.3,1011.3,93.2,24.1,210.7,0.7,2,10,Overcast,cloudy,
"Goczałkowice-Zdrój, Woj. Śląskie, Polska",2025-11-04T13:00:00,14.1,14.1,9.7,74.82,0,0,,0,0,9.7,7.2,47.3,1011,97.7,24.1,232,0.8,2,10,Overcast,cloudy,
"Goczałkowice-Zdrój, Woj. Śląskie, Polska",2025-11-04T14:00:00,13.7,13.7,9.7,76.62,0,3.2,,0,0,7.4,5.8,68.5,1011,98.5,24.1,167,0.6,2,10,Overcast,cloudy,
"Goczałkowice-Zdrój, Woj. Śląskie, Polska",2025-11-04T15:00:00,13.3,13.3,9.7,78.47,0,3.2,,0,0,5.2,4.3,89.8,1011,99.2,24.1,102,0.3,1,10,Overcast,cloudy,
"Goczałkowice-Zdrój, Woj. Śląskie, Polska",2025-11-04T16:00:00,13,13,9.7,80.37,0,3.2,,0,0,2.9,2.9,111,1011,100,24.1,37,0.1,0,10,Overcast,cloudy,
"Goczałkowice-Zdrój, Woj. Śląskie, Polska",2025-11-04T17:00:00,12.8,12.8,9.9,82.17,0,3.2,,0,0,2.5,2.5,113.4,1011,100,24.1,24.7,0.1,0,10,Overcast,cloudy,
"Goczałkowice-Zdrój, Woj. Śląskie, Polska",2025-11-04T18:00:00,12.7,12.7,10.1,84.01,0,3.2,,0,0,2.2,2.2,115.8,1011,100,24.1,12.3,0,0,10,Overcast,cloudy,
"Goczałkowice-Zdrój, Woj. Śląskie, Polska",2025-11-04T19:00:00,12.6,12.6,10.3,85.88,0.1,3.2,rain,0,0,1.8,1.8,118.2,1011,100,24.1,0,0,0,10,Overcast,cloudy,
"Goczałkowice-Zdrój, Woj. Śląskie, Polska",2025-11-04T20:00:00,12.4,12.4,10.4,87.41,0,6.5,,0,0,1.8,1.9,175,1011.3,100,24.1,0,0,0,10,Overcast,cloudy,
"Goczałkowice-Zdrój, Woj. Śląskie, Polska",2025-11-04T21:00:00,12.3,12.3,10.5,88.97,0,6.5,,0,0,1.8,2,231.9,1011.7,100,24.1,0,0,0,10,Overcast,cloudy,
"Goczałkowice-Zdrój, Woj. Śląskie, Polska",2025-11-04T22:00:00,12.2,12.2,10.7,90.55,0.2,6.5,rain,0,0,1.8,2.2,288.7,1012,100,24.1,0,0,0,10,Overcast,cloudy,
"Goczałkowice-Zdrój, Woj. Śląskie, Polska",2025-11-04T23:00:00,12.1,12.1,10.7,91.55,0,6.5,,0,0,2.3,2.4,288.9,1011.7,100,24.1,0,0,0,10,Overcast,cloudy,
"Goczałkowice-Zdrój, Woj. Śląskie, Polska",2025-11-05T00:00:00,12,12,10.8,92.57,0,6.5,,0,0,2.8,2.6,289,1011.3,100,24.1,0,0,0,10,Overcast,cloudy,
"Goczałkowice-Zdrój, Woj. Śląskie, Polska",2025-11-05T01:00:00,11.9,11.9,10.9,93.6,0.3,6.5,rain,0,0,3.2,2.9,289.2,1011,100,24.1,0,0,0,10,Overcast,cloudy,
"Goczałkowice-Zdrój, Woj. Śląskie, Polska",2025-11-05T02:00:00,11.8,11.8,10.9,94.01,0,6.5,,0,0,2.8,2.4,279.1,1011,100,24.1,0,0,0,10,Overcast,cloudy,
"Goczałkowice-Zdrój, Woj. Śląskie, Polska",2025-11-05T03:00:00,11.7,11.7,10.9,94.42,0,6.5,,0,0,2.3,1.9,269,1011,100,24.1,0,0,0,10,Overcast,cloudy,
"Goczałkowice-Zdrój, Woj. Śląskie, Polska",2025-11-05T04:00:00,11.7,11.7,10.9,94.84,0.3,6.5,rain,0,0,1.8,1.4,258.9,1011,100,24.1,0,0,0,10,Overcast,cloudy,
"Goczałkowice-Zdrój, Woj. Śląskie, Polska",2025-11-05T05:00:00,11.4,11.4,10.5,94.62,0,6.5,,0,0,2.2,1.9,210.7,1011,99.7,24.1,0,0,0,10,Overcast,cloudy,
"Goczałkowice-Zdrój, Woj. Śląskie, Polska",2025-11-05T06:00:00,11.1,11.1,10.2,94.39,0,6.5,,0,0,2.5,2.4,162.5,1011,99.3,24.1,0,0,0,10,Overcast,cloudy,
"Goczałkowice-Zdrój, Woj. Śląskie, Polska",2025-11-05T07:00:00,10.8,10.8,9.9,94.17,0,6.5,,0,0,2.9,2.9,114.3,1011,99,24.1,0,0,0,10,Overcast,cloudy,
"Goczałkowice-Zdrój, Woj. Śląskie, Polska",2025-11-05T08:00:00,11.4,11.4,10.2,91.93,0,9.7,,0,0,4.1,3.5,102.9,1011,99.3,24.1,10.3,0,0,10,Overcast,cloudy,
"Goczałkowice-Zdrój, Woj. Śląskie, Polska",2025-11-05T09:00:00,12.2,12.2,10.5,89.75,0,9.7,,0,0,5.3,4.1,91.4,1011,99.7,24.1,20.7,0.1,0,10,Overcast,cloudy,
"Goczałkowice-Zdrój, Woj. Śląskie, Polska",2025-11-05T10:00:00,12.9,12.9,10.9,87.65,0,9.7,,0,0,6.5,4.7,80,1011,100,24.1,31,0.1,0,10,Overcast,cloudy,
"Goczałkowice-Zdrój, Woj. Śląskie, Polska",2025-11-05T11:00:00,14.1,14.1,11.1,82.32,0,9.7,,0,0,7.2,4.6,78.1,1010.3,100,24.1,80,0.3,1,10,Overcast,cloudy,
"Goczałkowice-Zdrój, Woj. Śląskie, Polska",2025-11-05T12:00:00,15.3,15.3,11.3,77.38,0,9.7,,0,0,7.9,4.4,76.2,1009.7,100,24.1,129,0.4,1,10,Overcast,cloudy,
"Goczałkowice-Zdrój, Woj. Śląskie, Polska",2025-11-05T13:00:00,16.5,16.5,11.6,72.78,0,9.7,,0,0,8.6,4.3,74.3,1009,100,24.1,178,0.6,2,10,Overcast,cloudy,
"Goczałkowice-Zdrój, Woj. Śląskie, Polska",2025-11-05T14:00:00,15.7,15.7,11.5,76.1,0,6.5,,0,0,6.5,3.2,51.5,1009,100,24.1,147,0.5,1,10,Overcast,cloudy,
"Goczałkowice-Zdrój, Woj. Śląskie, Polska",2025-11-05T15:00:00,15,15,11.5,79.59,0,6.5,,0,0,4.3,2.2,28.7,1009,100,24.1,116,0.4,1,10,Overcast,cloudy,
"Goczałkowice-Zdrój, Woj. Śląskie, Polska",2025-11-05T16:00:00,14.3,14.3,11.5,83.26,0,6.5,,0,0,2.2,1.1,5.9,1009,100,24.1,85,0.3,1,10,Overcast,cloudy,
"Goczałkowice-Zdrój, Woj. Śląskie, Polska",2025-11-05T17:00:00,14,14,11.4,84.34,0,6.5,,0,0,3.1,2.4,58.6,1009.3,100,24.1,56.7,0.2,0,10,Overcast,cloudy,
"Goczałkowice-Zdrój, Woj. Śląskie, Polska",2025-11-05T18:00:00,13.8,13.8,11.4,85.44,0,6.5,,0,0,4.1,3.7,111.4,1009.7,100,24.1,28.3,0.1,0,10,Overcast,cloudy,
"Goczałkowice-Zdrój, Woj. Śląskie, Polska",2025-11-05T19:00:00,13.6,13.6,11.4,86.56,0,6.5,,0,0,5,5,164.1,1010,100,24.1,0,0,0,10,Overcast,cloudy,
"Goczałkowice-Zdrój, Woj. Śląskie, Polska",2025-11-05T20:00:00,13.7,13.7,11.4,86.19,0,12.9,,0,0,4.2,4.1,166.9,1010,100,24.1,0,0,0,10,Overcast,cloudy,
"Goczałkowice-Zdrój, Woj. Śląskie, Polska",2025-11-05T21:00:00,13.8,13.8,11.4,85.82,0,12.9,,0,0,3.4,3.1,169.7,1010,100,24.1,0,0,0,10,Overcast,cloudy,
"Goczałkowice-Zdrój, Woj. Śląskie, Polska",2025-11-05T22:00:00,13.9,13.9,11.5,85.45,0,12.9,,0,0,2.5,2.2,172.5,1010,100,24.1,0,0,0,10,Overcast,cloudy,
"Goczałkowice-Zdrój, Woj. Śląskie, Polska",2025-11-05T23:00:00,13.8,13.8,11.5,86.01,0,12.9,,0,0,2.5,2.4,155.2,1010.3,100,24.1,0,0,0,10,Overcast,cloudy,
"Goczałkowice-Zdrój, Woj. Śląskie, Polska",2025-11-06T00:00:00,13.7,13.7,11.5,86.57,0,12.9,,0,0,2.5,2.6,138,1010.7,100,24.1,0,0,0,10,Overcast,cloudy,
"Goczałkowice-Zdrój, Woj. Śląskie, Polska",2025-11-06T01:00:00,13.6,13.6,11.5,87.13,0.2,12.9,rain,0,0,2.5,2.9,120.7,1011,100,24.1,0,0,0,10,Overcast,cloudy,
"Goczałkowice-Zdrój, Woj. Śląskie, Polska",2025-11-06T02:00:00,13.4,13.4,11.2,86.73,0,6.5,,0,0,3.8,4.1,118.2,1010.7,88.7,24.1,0,0,0,10,Partially cloudy,partly-cloudy-night,
"Goczałkowice-Zdrój, Woj. Śląskie, Polska",2025-11-06T03:00:00,13.2,13.2,11,86.33,0,6.5,,0,0,5.2,5.3,115.6,1010.3,77.3,24.1,0,0,0,10,Partially cloudy,partly-cloudy-night,
"Goczałkowice-Zdrój, Woj. Śląskie, Polska",2025-11-06T04:00:00,13.1,13.1,10.8,85.93,0,6.5,,0,0,6.5,6.5,113.1,1010,66,24.1,0,0,0,10,Partially cloudy,partly-cloudy-night,
"Goczałkowice-Zdrój, Woj. Śląskie, Polska",2025-11-06T05:00:00,12.6,12.6,10.4,86.27,0,6.5,,0,0,7.6,7.2,116,1010,44,24.1,0,0,0,10,Partially cloudy,partly-cloudy-night,
"Goczałkowice-Zdrój, Woj. Śląskie, Polska",2025-11-06T06:00:00,12.2,12.2,10,86.61,0,6.5,,0,0,8.6,7.9,118.8,1010,22,24.1,0,0,0,10,Partially cloudy,partly-cloudy-night,
"Goczałkowice-Zdrój, Woj. Śląskie, Polska",2025-11-06T07:00:00,11.8,11.8,9.7,86.96,0,6.5,,0,0,9.7,8.6,121.7,1010,0,24.1,0,0,0,10,Clear,clear-day,
"Goczałkowice-Zdrój, Woj. Śląskie, Polska",2025-11-06T08:00:00,13.3,13.3,10.1,80.6,0,3.2,,0,0,7.9,6.8,117.9,1010,4.5,24.1,55.7,0.3,1,10,Clear,clear-day,
"Goczałkowice-Zdrój, Woj. Śląskie, Polska",2025-11-06T09:00:00,14.9,14.9,10.5,74.79,0,3.2,,0,0,6.1,5,114.2,1010,9.1,24.1,111.3,0.5,1,10,Clear,clear-day,
"Goczałkowice-Zdrój, Woj. Śląskie, Polska",2025-11-06T10:00:00,16.5,16.5,10.9,69.48,0,3.2,,0,0,4.3,3.2,110.4,1010,13.6,24.1,167,0.6,2,10,Clear,clear-day,
"Goczałkowice-Zdrój, Woj. Śląskie, Polska",2025-11-06T11:00:00,17.6,17.6,11.1,65.54,0,3.2,,0,0,9.2,4.6,109.1,1009.3,9.4,24.1,226.3,0.9,2,10,Clear,clear-day,
"Goczałkowice-Zdrój, Woj. Śląskie, Polska",2025-11-06T12:00:00,18.8,18.8,11.3,61.86,0,3.2,,0,0,14.2,5.9,107.8,1008.7,5.2,24.1,285.7,1,3,10,Clear,clear-day,
"Goczałkowice-Zdrój, Woj. Śląskie, Polska",2025-11-06T13:00:00,20,20,11.6,58.43,0,3.2,,0,0,19.1,7.2,106.5,1008,1,24.1,345,1.2,3,10,Clear,clear-day,
"Goczałkowice-Zdrój, Woj. Śląskie, Polska",2025-11-06T14:00:00,18.7,18.7,11.6,63.09,0,9.7,,0,0,14.3,6,98.6,1008,3.8,24.1,282.7,1,3,10,Clear,clear-day,
"Goczałkowice-Zdrój, Woj. Śląskie, Polska",2025-11-06T15:00:00,17.5,17.5,11.6,68.17,0,9.7,,0,0,9.5,4.8,90.7,1008,6.7,24.1,220.3,0.8,2,10,Clear,clear-day,
"Goczałkowice-Zdrój, Woj. Śląskie, Polska",2025-11-06T16:00:00,16.3,16.3,11.6,73.71,0,9.7,,0,0,4.7,3.6,82.8,1008,9.5,24.1,158,0.6,2,10,Clear,clear-day,
"Goczałkowice-Zdrój, Woj. Śląskie, Polska",2025-11-06T17:00:00,15.6,15.6,11.4,76.07,0,9.7,,0,0,5.2,4.3,102.8,1008.3,39.7,24.1,105.3,0.4,0,10,Partially cloudy,partly-cloudy-night,
"Goczałkowice-Zdrój, Woj. Śląskie, Polska",2025-11-06T18:00:00,14.9,14.9,11.2,78.52,0,9.7,,0,0,5.6,5,122.7,1008.7,69.8,24.1,52.7,0.2,0,10,Partially cloudy,partly-cloudy-night,
"Goczałkowice-Zdrój, Woj. Śląskie, Polska",2025-11-06T19:00:00,14.2,14.2,11,81.07,0,9.7,,0,0,6.1,5.8,142.7,1009,100,24.1,0,0,0,10,Overcast,cloudy,
"Goczałkowice-Zdrój, Woj. Śląskie, Polska",2025-11-06T20:00:00,13.9,13.9,10.8,81.4,0,12.9,,0,0,6,5.9,136.8,1009.3,100,24.1,0,0,0,10,Overcast,cloudy,
"Goczałkowice-Zdrój, Woj. Śląskie, Polska",2025-11-06T21:00:00,13.6,13.6,10.6,81.72,0,12.9,,0,0,5.9,6,130.9,1009.7,100,24.1,0,0,0,10,Overcast,cloudy,
"Goczałkowice-Zdrój, Woj. Śląskie, Polska",2025-11-06T22:00:00,13.4,13.4,10.4,82.05,0,12.9,,0,0,5.8,6.1,125,1010,100,24.1,0,0,0,10,Overcast,cloudy,
"Goczałkowice-Zdrój, Woj. Śląskie, Polska",2025-11-06T23:00:00,13.2,13.2,10.2,82.39,0,12.9,,0,0,6,6.2,129.9,1010,100,24.1,0,0,0,10,Overcast,cloudy,
"Goczałkowice-Zdrój, Woj. Śląskie, Polska",2025-11-07T00:00:00,12.9,12.9,10.1,82.74,0,12.9,,0,0,6.2,6.4,134.8,1010,100,24.1,0,0,0,10,Overcast,cloudy,
"Goczałkowice-Zdrój, Woj. Śląskie, Polska",2025-11-07T01:00:00,12.8,12.8,10,83.08,0,12.9,,0,0,6.5,6.5,139.7,1010,100,24.1,0,0,0,10,Overcast,cloudy,
"Goczałkowice-Zdrój, Woj. Śląskie, Polska",2025-11-07T02:00:00,12.9,12.9,10,82.54,0,3.2,,0,0,7.2,7.1,145.9,1010.3,100,24.1,0,0,0,10,Overcast,cloudy,
"Goczałkowice-Zdrój, Woj. Śląskie, Polska",2025-11-07T03:00:00,12.9,12.9,10,82,0,3.2,,0,0,7.9,7.7,152.1,1010.7,100,24.1,0,0,0,10,Overcast,cloudy,
"Goczałkowice-Zdrój, Woj. Śląskie, Polska",2025-11-07T04:00:00,13.1,13.1,10,81.47,0,3.2,,0,0,8.6,8.3,158.3,1011,100,24.1,0,0,0,10,Overcast,cloudy,
"Goczałkowice-Zdrój, Woj. Śląskie, Polska",2025-11-07T05:00:00,13.3,13.3,10.2,81.5,0,3.2,,0,0,7.9,7.6,167.2,1011.3,100,24.1,0,0,0,10,Overcast,cloudy,
"Goczałkowice-Zdrój, Woj. Śląskie, Polska",2025-11-07T06:00:00,13.5,13.5,10.4,81.53,0,3.2,,0,0,7.2,6.8,176.1,1011.7,100,24.1,0,0,0,10,Overcast,cloudy,
"Goczałkowice-Zdrój, Woj. Śląskie, Polska",2025-11-07T07:00:00,13.8,13.8,10.7,81.56,0.2,3.2,rain,0,0,6.5,6.1,185,1012,100,24.1,0,0,0,10,Overcast,cloudy,
"Goczałkowice-Zdrój, Woj. Śląskie, Polska",2025-11-07T08:00:00,13.9,13.9,11,82.13,0,3.2,,0,0,7.8,6.1,184.2,1012.7,100,24.1,5.3,0,0,10,Overcast,cloudy,
"Goczałkowice-Zdrój, Woj. Śląskie, Polska",2025-11-07T09:00:00,14.2,14.2,11.3,82.7,0,3.2,,0,0,9.1,6.1,183.4,1013.3,100,24.1,10.7,0.1,0,10,Overcast,cloudy,
"Goczałkowice-Zdrój, Woj. Śląskie, Polska",2025-11-07T10:00:00,14.4,14.4,11.6,83.27,0,3.2,,0,0,10.4,6.1,182.6,1014,100,24.1,16,0.1,0,10,Overcast,cloudy,
"Goczałkowice-Zdrój, Woj. Śląskie, Polska",2025-11-07T11:00:00,15.2,15.2,11.7,79.27,0,3.2,,0,0,15.1,7.3,196.8,1014,100,24.1,55.3,0.2,1,10,Overcast,cloudy,
"Goczałkowice-Zdrój, Woj. Śląskie, Polska",2025-11-07T12:00:00,16.1,16.1,11.8,75.49,0,3.2,,0,0,19.8,8.5,210.9,1014,100,24.1,94.7,0.4,1,10,Overcast,cloudy,
"Goczałkowice-Zdrój, Woj. Śląskie, Polska",2025-11-07T13:00:00,17,17,11.9,71.92,0,3.2,,0,0,24.5,9.7,225.1,1014,100,24.1,134,0.5,1,10,Overcast,cloudy,
"Goczałkowice-Zdrój, Woj. Śląskie, Polska",2025-11-07T14:00:00,16.4,16.4,11.9,74.55,0,9.7,,0,0,18.4,8.5,205.9,1014,96.3,24.1,128,0.5,1,10,Overcast,cloudy,
"Goczałkowice-Zdrój, Woj. Śląskie, Polska",2025-11-07T15:00:00,15.8,15.8,11.9,77.3,0,9.7,,0,0,12.2,7.3,186.8,1014,92.6,24.1,122,0.4,1,10,Overcast,cloudy,
"Goczałkowice-Zdrój, Woj. Śląskie, Polska",2025-11-07T16:00:00,15.3,15.3,11.9,80.15,0,9.7,,0,0,6.1,6.1,167.6,1014,88.9,24.1,116,0.4,1,10,Partially cloudy,partly-cloudy-day,
"Goczałkowice-Zdrój, Woj. Śląskie, Polska",2025-11-07T17:00:00,14.7,14.7,11.7,82.23,0,9.7,,0,0,8.6,7.2,157.5,1014,88,24.1,77.3,0.3,0,10,Partially cloudy,partly-cloudy-night,
"Goczałkowice-Zdrój, Woj. Śląskie, Polska",2025-11-07T18:00:00,14.2,14.2,11.6,84.36,0,9.7,,0,0,11.2,8.3,147.5,1014,87,24.1,38.7,0.1,0,10,Partially cloudy,partly-cloudy-night,
"Goczałkowice-Zdrój, Woj. Śląskie, Polska",2025-11-07T19:00:00,13.7,13.7,11.5,86.57,0,9.7,,0,0,13.7,9.4,137.4,1014,86.1,24.1,0,0,0,10,Partially cloudy,partly-cloudy-night,
"Goczałkowice-Zdrój, Woj. Śląskie, Polska",2025-11-07T20:00:00,13.4,13.4,11.3,86.73,0,6.5,,0,0,11.9,8.6,138.2,1014,90.7,24.1,0,0,0,10,Overcast,cloudy,
"Goczałkowice-Zdrój, Woj. Śląskie, Polska",2025-11-07T21:00:00,13.2,13.2,11.1,86.9,0,6.5,,0,0,10.1,7.9,139,1014,95.4,24.1,0,0,0,10,Overcast,cloudy,
"Goczałkowice-Zdrój, Woj. Śląskie, Polska",2025-11-07T22:00:00,13,13,10.9,87.07,0,6.5,,0,0,8.3,7.2,139.8,1014,100,24.1,0,0,0,10,Overcast,cloudy,
"Goczałkowice-Zdrój, Woj. Śląskie, Polska",2025-11-07T23:00:00,12.8,12.8,10.7,87.25,0,6.5,,0,0,7.4,6.6,145.7,1014,89.5,24.1,0,0,0,10,Partially cloudy,partly-cloudy-night,
"Goczałkowice-Zdrój, Woj. Śląskie, Polska",2025-11-08T00:00:00,12.6,12.6,10.5,87.42,0,6.5,,0,0,6.6,6,151.5,1014,79.1,24.1,0,0,0,10,Partially cloudy,partly-cloudy-night,
"Goczałkowice-Zdrój, Woj. Śląskie, Polska",2025-11-08T01:00:00,12.4,12.4,10.4,87.6,0,6.5,,0,0,5.8,5.4,157.4,1014,68.6,24.1,0,0,0,10,Partially cloudy,partly-cloudy-night,
"Goczałkowice-Zdrój, Woj. Śląskie, Polska",2025-11-08T02:00:00,12.2,12.2,10.2,87.39,0,3.2,,0,0,5.3,4.9,174.2,1014.3,67.7,24.1,0,0,0,10,Partially cloudy,partly-cloudy-night,
"Goczałkowice-Zdrój, Woj. Śląskie, Polska",2025-11-08T03:00:00,12.1,12.1,10,87.19,0,3.2,,0,0,4.8,4.4,190.9,1014.7,66.8,24.1,0,0,0,10,Partially cloudy,partly-cloudy-night,
"Goczałkowice-Zdrój, Woj. Śląskie, Polska",2025-11-08T04:00:00,12,12,9.9,86.98,0,3.2,,0,0,4.3,4,207.7,1015,65.9,24.1,0,0,0,10,Partially cloudy,partly-cloudy-night,
"Goczałkowice-Zdrój, Woj. Śląskie, Polska",2025-11-08T05:00:00,11.9,11.9,9.8,86.97,0,3.2,,0,0,4.8,4.7,180.1,1015,77.3,24.1,0,0,0,10,Partially cloudy,partly-cloudy-night,
"Goczałkowice-Zdrój, Woj. Śląskie, Polska",2025-11-08T06:00:00,11.8,11.8,9.7,86.96,0,3.2,,0,0,5.3,5.4,152.4,1015,88.6,24.1,0,0,0,10,Partially cloudy,partly-cloudy-night,
"Goczałkowice-Zdrój, Woj. Śląskie, Polska",2025-11-08T07:00:00,11.7,11.7,9.6,86.95,0,3.2,,0,0,5.8,6.1,124.8,1015,100,24.1,0,0,0,10,Overcast,cloudy,
"Goczałkowice-Zdrój, Woj. Śląskie, Polska",2025-11-08T08:00:00,13.1,13.1,9.9,80.57,0,3.2,,0,0,6.6,5.6,134.9,1014.7,76.2,24.1,46.3,0.2,0,10,Partially cloudy,partly-cloudy-day,
"Goczałkowice-Zdrój, Woj. Śląskie, Polska",2025-11-08T09:00:00,14.6,14.6,10.2,74.74,0,3.2,,0,0,7.4,5.2,144.9,1014.3,52.4,24.1,92.7,0.3,1,10,Partially cloudy,partly-cloudy-day,
"Goczałkowice-Zdrój, Woj. Śląskie, Polska",2025-11-08T10:00:00,16.1,16.1,10.5,69.4,0,3.2,,0,0,8.3,4.7,155,1014,28.6,24.1,139,0.5,1,10,Partially cloudy,partly-cloudy-day,
"Goczałkowice-Zdrój, Woj. Śląskie, Polska",2025-11-08T11:00:00,17.4,17.4,10.7,65.05,0,3.2,,0,0,17.6,7.3,169,1013.3,20.7,24.1,201,0.7,2,10,Partially cloudy,partly-cloudy-day,
"Goczałkowice-Zdrój, Woj. Śląskie, Polska",2025-11-08T12:00:00,18.7,18.7,11,61.02,0,3.2,,0,0,27,10,183,1012.7,12.8,24.1,263,1,3,10,Clear,clear-day,
"Goczałkowice-Zdrój, Woj. Śląskie, Polska",2025-11-08T13:00:00,20,20,11.3,57.28,0,3.2,,0,0,36.4,12.6,197,1012,4.9,24.1,325,1.2,3,10,Clear,clear-day,
"Goczałkowice-Zdrój, Woj. Śląskie, Polska",2025-11-08T14:00:00,18.7,18.7,11.2,61.83,0,0,,0,0,25.8,9.8,163.5,1011.7,4.1,24.1,266.7,1,3,10,Clear,clear-day,
"Goczałkowice-Zdrój, Woj. Śląskie, Polska",2025-11-08T15:00:00,17.4,17.4,11.1,66.8,0,0,,0,0,15.2,7.1,130,1011.3,3.3,24.1,208.3,0.7,2,10,Clear,clear-day,
"Goczałkowice-Zdrój, Woj. Śląskie, Polska",2025-11-08T16:00:00,16.1,16.1,11.1,72.23,0,0,,0,0,4.7,4.3,96.5,1011,2.5,24.1,150,0.5,2,10,Clear,clear-day,
"Goczałkowice-Zdrój, Woj. Śląskie, Polska",2025-11-08T17:00:00,15.3,15.3,10.9,74.87,0,0,,0,0,4.6,4.3,114.4,1011,8.3,24.1,100,0.3,0,10,Clear,clear-night,
"Goczałkowice-Zdrój, Woj. Śląskie, Polska",2025-11-08T18:00:00,14.6,14.6,10.7,77.62,0,0,,0,0,4.4,4.3,132.2,1011,14,24.1,50,0.2,0,10,Clear,clear-night,
"Goczałkowice-Zdrój, Woj. Śląskie, Polska",2025-11-08T19:00:00,13.9,13.9,10.6,80.49,0,0,,0,0,4.3,4.3,150.1,1011,19.8,24.1,0,0,0,10,Clear,clear-night,
"Goczałkowice-Zdrój, Woj. Śląskie, Polska",2025-11-08T20:00:00,13.3,13.3,10.3,81.87,0,16.1,,0,0,6.6,5.6,142,1010.3,38,24.1,0,0,0,10,Partially cloudy,partly-cloudy-night,
"Goczałkowice-Zdrój, Woj. Śląskie, Polska",2025-11-08T21:00:00,12.8,12.8,10,83.27,0,16.1,,0,0,8.9,7,134,1009.7,56.1,24.1,0,0,0,10,Partially cloudy,partly-cloudy-night,
"Goczałkowice-Zdrój, Woj. Śląskie, Polska",2025-11-08T22:00:00,12.3,12.3,9.8,84.71,0,16.1,,0,0,11.2,8.3,125.9,1009,74.3,24.1,0,0,0,10,Partially cloudy,partly-cloudy-night,
"Goczałkowice-Zdrój, Woj. Śląskie, Polska",2025-11-08T23:00:00,11.9,11.9,9.4,84.3,0,16.1,,0,0,13,9.1,122.5,1008.3,50.1,24.1,0,0,0,10,Partially cloudy,partly-cloudy-night,
"Goczałkowice-Zdrój, Woj. Śląskie, Polska",2025-11-09T00:00:00,11.7,11.7,9,83.89,0,16.1,,0,0,14.8,10,119.2,1007.7,25.9,24.1,0,0,0,10,Partially cloudy,partly-cloudy-night,
"Goczałkowice-Zdrój, Woj. Śląskie, Polska",2025-11-09T01:00:00,11.4,11.4,8.7,83.47,0,16.1,,0,0,16.6,10.8,115.8,1007,1.7,24.1,0,0,0,10,Clear,clear-night,
"Goczałkowice-Zdrój, Woj. Śląskie, Polska",2025-11-09T02:00:00,11.6,11.6,8.4,80.9,0,6.5,,0,0,17,10.9,118.4,1006,1.1,24.1,0,0,0,10,Clear,clear-night,
"Goczałkowice-Zdrój, Woj. Śląskie, Polska",2025-11-09T03:00:00,11.8,11.8,8.1,78.41,0,6.5,,0,0,17.5,11,121,1005,0.6,24.1,0,0,0,10,Clear,clear-night,
"Goczałkowice-Zdrój, Woj. Śląskie, Polska",2025-11-09T04:00:00,12,12,7.9,75.99,0,6.5,,0,0,18,11.2,123.6,1004,0,24.1,0,0,0,10,Clear,clear-night,
"Goczałkowice-Zdrój, Woj. Śląskie, Polska",2025-11-09T05:00:00,11.8,11.8,7.7,76.14,0,6.5,,0,0,17.8,11.3,125,1004,0,24.1,0,0,0,10,Clear,clear-night,
"Goczałkowice-Zdrój, Woj. Śląskie, Polska",2025-11-09T06:00:00,11.6,11.6,7.6,76.28,0,6.5,,0,0,17.5,11.4,126.5,1004,0,24.1,0,0,0,10,Clear,clear-night,
"Goczałkowice-Zdrój, Woj. Śląskie, Polska",2025-11-09T07:00:00,11.5,11.5,7.5,76.43,0,6.5,,0,0,17.3,11.5,127.9,1004,0,24.1,0,0,0,10,Clear,clear-day,
"Goczałkowice-Zdrój, Woj. Śląskie, Polska",2025-11-09T08:00:00,13.2,13.2,8,70.42,0,16.1,,0,0,23.8,11.6,134.4,1004,0,24.1,53,0.3,1,10,Clear,clear-day,
"Goczałkowice-Zdrój, Woj. Śląskie, Polska",2025-11-09T09:00:00,15,15,8.5,64.97,0,16.1,,0,0,30.2,11.8,140.9,1004,0,24.1,106,0.5,1,10,Clear,clear-day,
"Goczałkowice-Zdrój, Woj. Śląskie, Polska",2025-11-09T10:00:00,16.8,16.8,9,60.03,0,16.1,,0,0,36.7,11.9,147.4,1004,0,24.1,159,0.6,2,10,Clear,clear-day,
"Goczałkowice-Zdrój, Woj. Śląskie, Polska",2025-11-09T11:00:00,17.6,17.6,9.1,57.34,0,16.1,,0,0,36.1,11.8,150.5,1003.7,0,24.1,218,0.9,2,10,Clear,clear-day,
"Goczałkowice-Zdrój, Woj. Śląskie, Polska",2025-11-09T12:00:00,18.5,18.5,9.2,54.79,0,16.1,,0,0,35.5,11.6,153.5,1003.3,0,24.1,277,1,3,10,Clear,clear-day,
"Goczałkowice-Zdrój, Woj. Śląskie, Polska",2025-11-09T13:00:00,19.4,19.4,9.4,52.37,0,16.1,,0,0,34.9,11.5,156.6,1003,0,24.1,336,1.2,3,10,Clear,clear-day,
"Goczałkowice-Zdrój, Woj. Śląskie, Polska",2025-11-09T14:00:00,18.2,18.2,9.4,56.21,0,9.7,,0,0,25.6,9.8,152.2,1003,0,24.1,274,1,3,10,Clear,clear-day,
"Goczałkowice-Zdrój, Woj. Śląskie, Polska",2025-11-09T15:00:00,17.1,17.1,9.4,60.38,0,9.7,,0,0,16.2,8.2,147.8,1003,0,24.1,212,0.7,2,10,Clear,clear-day,
"Goczałkowice-Zdrój, Woj. Śląskie, Polska",2025-11-09T16:00:00,16,16,9.4,64.89,0,9.7,,0,0,6.8,6.5,143.4,1003,0,24.1,150,0.5,2,10,Clear,clear-day,
"Goczałkowice-Zdrój, Woj. Śląskie, Polska",2025-11-09T17:00:00,15,15,9.2,68.12,0,9.7,,0,0,7.8,7,148.2,1003.7,0.7,24.1,100,0.3,0,10,Clear,clear-night,
"Goczałkowice-Zdrój, Woj. Śląskie, Polska",2025-11-09T18:00:00,14.1,14.1,9,71.54,0,9.7,,0,0,8.8,7.4,153.1,1004.3,1.3,24.1,50,0.2,0,10,Clear,clear-night,
"Goczałkowice-Zdrój, Woj. Śląskie, Polska",2025-11-09T19:00:00,13.2,13.2,8.9,75.17,0,9.7,,0,0,9.7,7.9,157.9,1005,2,24.1,0,0,0,10,Clear,clear-night,
"Goczałkowice-Zdrój, Woj. Śląskie, Polska",2025-11-09T20:00:00,12.8,12.8,8.5,75.27,0,16.1,,0,0,10.4,8.4,150.4,1005,21.6,24.1,0,0,0,10,Partially cloudy,partly-cloudy-night,
"Goczałkowice-Zdrój, Woj. Śląskie, Polska",2025-11-09T21:00:00,12.4,12.4,8.1,75.37,0,16.1,,0,0,11.2,8.9,142.9,1005,41.1,24.1,0,0,0,10,Partially cloudy,partly-cloudy-night,
"Goczałkowice-Zdrój, Woj. Śląskie, Polska",2025-11-09T22:00:00,12,12,7.8,75.48,0,16.1,,0,0,11.9,9.4,135.4,1005,60.7,24.1,0,0,0,10,Partially cloudy,partly-cloudy-night,
"Goczałkowice-Zdrój, Woj. Śląskie, Polska",2025-11-09T23:00:00,12,12,7.5,74.12,0,16.1,,0,0,9.7,7.8,130.6,1005,73.6,24.1,0,0,0,10,Partially cloudy,partly-cloudy-night,
